created_at,business_date,category_name,category_gmv
2023-08-04,2023-08-03,Detective,1594
2023-08-04,2023-08-03,Fantasy,12020
2023-08-04,2023-08-03,Horror,665
2023-08-04,2023-08-03,Romance novel,188
2023-08-04,2023-08-03,Graphic novel,0
2023-08-05,2023-08-04,Detective,20536
2023-08-05,2023-08-04,Fantasy,3412
2023-08-05,2023-08-04,Horror,18220
2023-08-05,2023-08-04,Romance novel,102
2023-08-05,2023-08-04,Graphic novel,792
2023-08-06,2023-08-05,Detective,7029
2023-08-06,2023-08-05,Fantasy,1702
2023-08-06,2023-08-05,Horror,2160
2023-08-06,2023-08-05,Romance novel,522
2023-08-06,2023-08-05,Graphic novel,4060
2023-08-07,2023-08-06,Detective,3090
2023-08-07,2023-08-06,Fantasy,2940
2023-08-07,2023-08-06,Horror,2175
2023-08-07,2023-08-06,Romance novel,1010
2023-08-07,2023-08-06,Graphic novel,9148
2023-08-08,2023-08-07,Detective,17676
2023-08-08,2023-08-07,Fantasy,2527
2023-08-08,2023-08-07,Horror,1912
2023-08-08,2023-08-07,Romance novel,2832
2023-08-08,2023-08-07,Graphic novel,205
2023-08-09,2023-08-08,Detective,8504
2023-08-09,2023-08-08,Fantasy,5016
2023-08-09,2023-08-08,Horror,7592
2023-08-09,2023-08-08,Romance novel,20248
2023-08-09,2023-08-08,Graphic novel,4055
2023-08-10,2023-08-09,Detective,13356
2023-08-10,2023-08-09,Fantasy,6506
2023-08-10,2023-08-09,Horror,252
2023-08-10,2023-08-09,Romance novel,8520
2023-08-10,2023-08-09,Graphic novel,6741
2023-08-11,2023-08-10,Detective,15540
2023-08-11,2023-08-10,Fantasy,15099
2023-08-11,2023-08-10,Horror,0
2023-08-11,2023-08-10,Romance novel,570
2023-08-11,2023-08-10,Graphic novel,11250
2023-08-12,2023-08-11,Detective,12897
2023-08-12,2023-08-11,Fantasy,1196
2023-08-12,2023-08-11,Horror,3969
2023-08-12,2023-08-11,Romance novel,2016
2023-08-12,2023-08-11,Graphic novel,1225
2023-08-13,2023-08-12,Detective,3900
2023-08-13,2023-08-12,Fantasy,16884
2023-08-13,2023-08-12,Horror,1528
2023-08-13,2023-08-12,Romance novel,10144
2023-08-13,2023-08-12,Graphic novel,7155
2023-08-14,2023-08-13,Detective,1400
2023-08-14,2023-08-13,Fantasy,4333
2023-08-14,2023-08-13,Horror,12555
2023-08-14,2023-08-13,Romance novel,492
2023-08-14,2023-08-13,Graphic novel,264
2023-08-15,2023-08-14,Detective,4644
2023-08-15,2023-08-14,Fantasy,18720
2023-08-15,2023-08-14,Horror,2185
2023-08-15,2023-08-14,Romance novel,15678
2023-08-15,2023-08-14,Graphic novel,16290
2023-08-16,2023-08-15,Detective,1616
2023-08-16,2023-08-15,Fantasy,1806
2023-08-16,2023-08-15,Horror,4788
2023-08-16,2023-08-15,Romance novel,1846
2023-08-16,2023-08-15,Graphic novel,4045
2023-08-17,2023-08-16,Detective,6615
2023-08-17,2023-08-16,Fantasy,14790
2023-08-17,2023-08-16,Horror,4200
2023-08-17,2023-08-16,Romance novel,2296
2023-08-17,2023-08-16,Graphic novel,10
2023-08-18,2023-08-17,Detective,1050
2023-08-18,2023-08-17,Fantasy,6045
2023-08-18,2023-08-17,Horror,0
2023-08-18,2023-08-17,Romance novel,1096
2023-08-18,2023-08-17,Graphic novel,14300
2023-08-19,2023-08-18,Detective,2175
2023-08-19,2023-08-18,Fantasy,13888
2023-08-19,2023-08-18,Horror,664
2023-08-19,2023-08-18,Romance novel,84
2023-08-19,2023-08-18,Graphic novel,938
2023-08-20,2023-08-19,Detective,310
2023-08-20,2023-08-19,Fantasy,5313
2023-08-20,2023-08-19,Horror,3843
2023-08-20,2023-08-19,Romance novel,6129
2023-08-20,2023-08-19,Graphic novel,11417
2023-08-21,2023-08-20,Detective,5624
2023-08-21,2023-08-20,Fantasy,0
2023-08-21,2023-08-20,Horror,0
2023-08-21,2023-08-20,Romance novel,18170
2023-08-21,2023-08-20,Graphic novel,2430
2023-08-22,2023-08-21,Detective,339
2023-08-22,2023-08-21,Fantasy,1518
2023-08-22,2023-08-21,Horror,4630
2023-08-22,2023-08-21,Romance novel,5000
2023-08-22,2023-08-21,Graphic novel,10980
2023-08-23,2023-08-22,Detective,1950
2023-08-23,2023-08-22,Fantasy,764
2023-08-23,2023-08-22,Horror,4792
2023-08-23,2023-08-22,Romance novel,311
2023-08-23,2023-08-22,Graphic novel,4092
2023-08-24,2023-08-23,Detective,21940
2023-08-24,2023-08-23,Fantasy,21830
2023-08-24,2023-08-23,Horror,2156
2023-08-24,2023-08-23,Romance novel,4578
2023-08-24,2023-08-23,Graphic novel,7128
2023-08-25,2023-08-24,Detective,32810
2023-08-25,2023-08-24,Fantasy,950
2023-08-25,2023-08-24,Horror,6064
2023-08-25,2023-08-24,Romance novel,4276
2023-08-25,2023-08-24,Graphic novel,144
2023-08-26,2023-08-25,Detective,6790
2023-08-26,2023-08-25,Fantasy,4490
2023-08-26,2023-08-25,Horror,1284
2023-08-26,2023-08-25,Romance novel,1525
2023-08-26,2023-08-25,Graphic novel,11007
2023-08-27,2023-08-26,Detective,5472
2023-08-27,2023-08-26,Fantasy,1050
2023-08-27,2023-08-26,Horror,8310
2023-08-27,2023-08-26,Romance novel,3619
2023-08-27,2023-08-26,Graphic novel,5175
2023-08-28,2023-08-27,Detective,13160
2023-08-28,2023-08-27,Fantasy,2010
2023-08-28,2023-08-27,Horror,2340
2023-08-28,2023-08-27,Romance novel,0
2023-08-28,2023-08-27,Graphic novel,0
2023-08-29,2023-08-28,Detective,0
2023-08-29,2023-08-28,Fantasy,0
2023-08-29,2023-08-28,Horror,3069
2023-08-29,2023-08-28,Romance novel,10984
2023-08-29,2023-08-28,Graphic novel,576
2023-08-30,2023-08-29,Detective,9510
2023-08-30,2023-08-29,Fantasy,6930
2023-08-30,2023-08-29,Horror,19792
2023-08-30,2023-08-29,Romance novel,15050
2023-08-30,2023-08-29,Graphic novel,8874
2023-08-31,2023-08-30,Detective,4938
2023-08-31,2023-08-30,Fantasy,2124
2023-08-31,2023-08-30,Horror,17440
2023-08-31,2023-08-30,Romance novel,13110
2023-08-31,2023-08-30,Graphic novel,5660
2023-09-01,2023-08-31,Detective,11385
2023-09-01,2023-08-31,Fantasy,1235
2023-09-01,2023-08-31,Horror,2334
2023-09-01,2023-08-31,Romance novel,6516
2023-09-01,2023-08-31,Graphic novel,732
2023-09-02,2023-09-01,Detective,4626
2023-09-02,2023-09-01,Fantasy,2176
2023-09-02,2023-09-01,Horror,1356
2023-09-02,2023-09-01,Romance novel,3464
2023-09-02,2023-09-01,Graphic novel,14544
2023-09-03,2023-09-02,Detective,13374
2023-09-03,2023-09-02,Fantasy,6895
2023-09-03,2023-09-02,Horror,3024
2023-09-03,2023-09-02,Romance novel,708
2023-09-03,2023-09-02,Graphic novel,9664
2023-09-04,2023-09-03,Detective,6210
2023-09-04,2023-09-03,Fantasy,9570
2023-09-04,2023-09-03,Horror,14895
2023-09-04,2023-09-03,Romance novel,9190
2023-09-04,2023-09-03,Graphic novel,0
2023-09-05,2023-09-04,Detective,8635
2023-09-05,2023-09-04,Fantasy,5202
2023-09-05,2023-09-04,Horror,6687
2023-09-05,2023-09-04,Romance novel,0
2023-09-05,2023-09-04,Graphic novel,240
2023-09-06,2023-09-05,Detective,0
2023-09-06,2023-09-05,Fantasy,2596
2023-09-06,2023-09-05,Horror,1503
2023-09-06,2023-09-05,Romance novel,12290
2023-09-06,2023-09-05,Graphic novel,11994
2023-09-07,2023-09-06,Detective,3175
2023-09-07,2023-09-06,Fantasy,1360
2023-09-07,2023-09-06,Horror,2588
2023-09-07,2023-09-06,Romance novel,7504
2023-09-07,2023-09-06,Graphic novel,6462
2023-09-08,2023-09-07,Detective,1764
2023-09-08,2023-09-07,Fantasy,1406
2023-09-08,2023-09-07,Horror,5736
2023-09-08,2023-09-07,Romance novel,0
2023-09-08,2023-09-07,Graphic novel,0
2023-09-09,2023-09-08,Detective,230
2023-09-09,2023-09-08,Fantasy,4116
2023-09-09,2023-09-08,Horror,895
2023-09-09,2023-09-08,Romance novel,2320
2023-09-09,2023-09-08,Graphic novel,7616
2023-09-10,2023-09-09,Detective,4968
2023-09-10,2023-09-09,Fantasy,7660
2023-09-10,2023-09-09,Horror,0
2023-09-10,2023-09-09,Romance novel,2066
2023-09-10,2023-09-09,Graphic novel,33210
2023-09-11,2023-09-10,Detective,1908
2023-09-11,2023-09-10,Fantasy,7350
2023-09-11,2023-09-10,Horror,1760
2023-09-11,2023-09-10,Romance novel,7452
2023-09-11,2023-09-10,Graphic novel,5330
2023-09-12,2023-09-11,Detective,2014
2023-09-12,2023-09-11,Fantasy,7749
2023-09-12,2023-09-11,Horror,548
2023-09-12,2023-09-11,Romance novel,354
2023-09-12,2023-09-11,Graphic novel,5061
2023-09-13,2023-09-12,Detective,2450
2023-09-13,2023-09-12,Fantasy,1928
2023-09-13,2023-09-12,Horror,6558
2023-09-13,2023-09-12,Romance novel,716
2023-09-13,2023-09-12,Graphic novel,18760
2023-09-14,2023-09-13,Detective,2571
2023-09-14,2023-09-13,Fantasy,2429
2023-09-14,2023-09-13,Horror,0
2023-09-14,2023-09-13,Romance novel,7511
2023-09-14,2023-09-13,Graphic novel,351
2023-09-15,2023-09-14,Detective,971
2023-09-15,2023-09-14,Fantasy,7685
2023-09-15,2023-09-14,Horror,2075
2023-09-15,2023-09-14,Romance novel,1230
2023-09-15,2023-09-14,Graphic novel,640
2023-09-16,2023-09-15,Detective,4960
2023-09-16,2023-09-15,Fantasy,826
2023-09-16,2023-09-15,Horror,15032
2023-09-16,2023-09-15,Romance novel,945
2023-09-16,2023-09-15,Graphic novel,5280
2023-09-17,2023-09-16,Detective,3004
2023-09-17,2023-09-16,Fantasy,3936
2023-09-17,2023-09-16,Horror,4410
2023-09-17,2023-09-16,Romance novel,8166
2023-09-17,2023-09-16,Graphic novel,4588
2023-09-18,2023-09-17,Detective,6636
2023-09-18,2023-09-17,Fantasy,1393
2023-09-18,2023-09-17,Horror,7080
2023-09-18,2023-09-17,Romance novel,820
2023-09-18,2023-09-17,Graphic novel,1066
2023-09-19,2023-09-18,Detective,4256
2023-09-19,2023-09-18,Fantasy,3064
2023-09-19,2023-09-18,Horror,11730
2023-09-19,2023-09-18,Romance novel,1640
2023-09-19,2023-09-18,Graphic novel,4472
2023-09-20,2023-09-19,Detective,2184
2023-09-20,2023-09-19,Fantasy,4096
2023-09-20,2023-09-19,Horror,3204
2023-09-20,2023-09-19,Romance novel,658
2023-09-20,2023-09-19,Graphic novel,2660
2023-09-21,2023-09-20,Detective,2286
2023-09-21,2023-09-20,Fantasy,273
2023-09-21,2023-09-20,Horror,555
2023-09-21,2023-09-20,Romance novel,1263
2023-09-21,2023-09-20,Graphic novel,3612
2023-09-22,2023-09-21,Detective,9225
2023-09-22,2023-09-21,Fantasy,1530
2023-09-22,2023-09-21,Horror,9272
2023-09-22,2023-09-21,Romance novel,1302
2023-09-22,2023-09-21,Graphic novel,4300
2023-09-23,2023-09-22,Detective,12384
2023-09-23,2023-09-22,Fantasy,2125
2023-09-23,2023-09-22,Horror,450
2023-09-23,2023-09-22,Romance novel,2763
2023-09-23,2023-09-22,Graphic novel,12825
2023-09-24,2023-09-23,Detective,6610
2023-09-24,2023-09-23,Fantasy,6713
2023-09-24,2023-09-23,Horror,4900
2023-09-24,2023-09-23,Romance novel,6777
2023-09-24,2023-09-23,Graphic novel,1669
2023-09-25,2023-09-24,Detective,735
2023-09-25,2023-09-24,Fantasy,15680
2023-09-25,2023-09-24,Horror,11028
2023-09-25,2023-09-24,Romance novel,6433
2023-09-25,2023-09-24,Graphic novel,6237
2023-09-26,2023-09-25,Detective,4400
2023-09-26,2023-09-25,Fantasy,706
2023-09-26,2023-09-25,Horror,5700
2023-09-26,2023-09-25,Romance novel,7996
2023-09-26,2023-09-25,Graphic novel,8057
2023-09-27,2023-09-26,Detective,1527
2023-09-27,2023-09-26,Fantasy,1889
2023-09-27,2023-09-26,Horror,4265
2023-09-27,2023-09-26,Romance novel,9144
2023-09-27,2023-09-26,Graphic novel,0
2023-09-28,2023-09-27,Detective,2826
2023-09-28,2023-09-27,Fantasy,5310
2023-09-28,2023-09-27,Horror,528
2023-09-28,2023-09-27,Romance novel,18750
2023-09-28,2023-09-27,Graphic novel,6986
2023-09-29,2023-09-28,Detective,7368
2023-09-29,2023-09-28,Fantasy,8692
2023-09-29,2023-09-28,Horror,0
2023-09-29,2023-09-28,Romance novel,7810
2023-09-29,2023-09-28,Graphic novel,1752
2023-09-30,2023-09-29,Detective,2072
2023-09-30,2023-09-29,Fantasy,6160
2023-09-30,2023-09-29,Horror,0
2023-09-30,2023-09-29,Romance novel,7742
2023-09-30,2023-09-29,Graphic novel,4260
2023-10-01,2023-09-30,Detective,3597
2023-10-01,2023-09-30,Fantasy,4744
2023-10-01,2023-09-30,Horror,1358
2023-10-01,2023-09-30,Romance novel,0
2023-10-01,2023-09-30,Graphic novel,2162
2023-10-02,2023-10-01,Detective,1298
2023-10-02,2023-10-01,Fantasy,9918
2023-10-02,2023-10-01,Horror,1218
2023-10-02,2023-10-01,Romance novel,0
2023-10-02,2023-10-01,Graphic novel,2571
2023-10-03,2023-10-02,Detective,2088
2023-10-03,2023-10-02,Fantasy,1063
2023-10-03,2023-10-02,Horror,2105
2023-10-03,2023-10-02,Romance novel,0
2023-10-03,2023-10-02,Graphic novel,5418
2023-10-04,2023-10-03,Detective,22599
2023-10-04,2023-10-03,Fantasy,1352
2023-10-04,2023-10-03,Horror,5928
2023-10-04,2023-10-03,Romance novel,6656
2023-10-04,2023-10-03,Graphic novel,15360
2023-10-05,2023-10-04,Detective,12336
2023-10-05,2023-10-04,Fantasy,340
2023-10-05,2023-10-04,Horror,8351
2023-10-05,2023-10-04,Romance novel,7839
2023-10-05,2023-10-04,Graphic novel,1126
2023-10-06,2023-10-05,Detective,61
2023-10-06,2023-10-05,Fantasy,1506
2023-10-06,2023-10-05,Horror,4170
2023-10-06,2023-10-05,Romance novel,9078
2023-10-06,2023-10-05,Graphic novel,1149
2023-10-07,2023-10-06,Detective,504
2023-10-07,2023-10-06,Fantasy,6769
2023-10-07,2023-10-06,Horror,0
2023-10-07,2023-10-06,Romance novel,5228
2023-10-07,2023-10-06,Graphic novel,3030
2023-10-08,2023-10-07,Detective,17180
2023-10-08,2023-10-07,Fantasy,222
2023-10-08,2023-10-07,Horror,2820
2023-10-08,2023-10-07,Romance novel,3030
2023-10-08,2023-10-07,Graphic novel,6582
2023-10-09,2023-10-08,Detective,3384
2023-10-09,2023-10-08,Fantasy,30402
2023-10-09,2023-10-08,Horror,0
2023-10-09,2023-10-08,Romance novel,1450
2023-10-09,2023-10-08,Graphic novel,1952
2023-10-10,2023-10-09,Detective,988
2023-10-10,2023-10-09,Fantasy,252
2023-10-10,2023-10-09,Horror,4540
2023-10-10,2023-10-09,Romance novel,1008
2023-10-10,2023-10-09,Graphic novel,4130
2023-10-11,2023-10-10,Detective,6510
2023-10-11,2023-10-10,Fantasy,262
2023-10-11,2023-10-10,Horror,5922
2023-10-11,2023-10-10,Romance novel,0
2023-10-11,2023-10-10,Graphic novel,3308
2023-10-12,2023-10-11,Detective,2142
2023-10-12,2023-10-11,Fantasy,9840
2023-10-12,2023-10-11,Horror,1594
2023-10-12,2023-10-11,Romance novel,1074
2023-10-12,2023-10-11,Graphic novel,63
2023-10-13,2023-10-12,Detective,1377
2023-10-13,2023-10-12,Fantasy,1610
2023-10-13,2023-10-12,Horror,8680
2023-10-13,2023-10-12,Romance novel,0
2023-10-13,2023-10-12,Graphic novel,0
2023-10-14,2023-10-13,Detective,17310
2023-10-14,2023-10-13,Fantasy,15712
2023-10-14,2023-10-13,Horror,0
2023-10-14,2023-10-13,Romance novel,0
2023-10-14,2023-10-13,Graphic novel,12665
2023-10-15,2023-10-14,Detective,0
2023-10-15,2023-10-14,Fantasy,16074
2023-10-15,2023-10-14,Horror,14319
2023-10-15,2023-10-14,Romance novel,9740
2023-10-15,2023-10-14,Graphic novel,784
2023-10-16,2023-10-15,Detective,582
2023-10-16,2023-10-15,Fantasy,5915
2023-10-16,2023-10-15,Horror,0
2023-10-16,2023-10-15,Romance novel,2403
2023-10-16,2023-10-15,Graphic novel,0
2023-10-17,2023-10-16,Detective,2244
2023-10-17,2023-10-16,Fantasy,3118
2023-10-17,2023-10-16,Horror,9568
2023-10-17,2023-10-16,Romance novel,4863
2023-10-17,2023-10-16,Graphic novel,2888
2023-10-18,2023-10-17,Detective,266
2023-10-18,2023-10-17,Fantasy,1384
2023-10-18,2023-10-17,Horror,2264
2023-10-18,2023-10-17,Romance novel,15232
2023-10-18,2023-10-17,Graphic novel,0
2023-10-19,2023-10-18,Detective,3364
2023-10-19,2023-10-18,Fantasy,4416
2023-10-19,2023-10-18,Horror,81
2023-10-19,2023-10-18,Romance novel,1447
2023-10-19,2023-10-18,Graphic novel,11320
2023-10-20,2023-10-19,Detective,13032
2023-10-20,2023-10-19,Fantasy,43
2023-10-20,2023-10-19,Horror,3437
2023-10-20,2023-10-19,Romance novel,0
2023-10-20,2023-10-19,Graphic novel,8256
2023-10-21,2023-10-20,Detective,3375
2023-10-21,2023-10-20,Fantasy,598
2023-10-21,2023-10-20,Horror,7242
2023-10-21,2023-10-20,Romance novel,17058
2023-10-21,2023-10-20,Graphic novel,2128
2023-10-22,2023-10-21,Detective,2452
2023-10-22,2023-10-21,Fantasy,9070
2023-10-22,2023-10-21,Horror,5418
2023-10-22,2023-10-21,Romance novel,2322
2023-10-22,2023-10-21,Graphic novel,3462
2023-10-23,2023-10-22,Detective,13188
2023-10-23,2023-10-22,Fantasy,0
2023-10-23,2023-10-22,Horror,8960
2023-10-23,2023-10-22,Romance novel,5465
2023-10-23,2023-10-22,Graphic novel,610
2023-10-24,2023-10-23,Detective,832
2023-10-24,2023-10-23,Fantasy,1158
2023-10-24,2023-10-23,Horror,4230
2023-10-24,2023-10-23,Romance novel,6210
2023-10-24,2023-10-23,Graphic novel,350
2023-10-25,2023-10-24,Detective,2944
2023-10-25,2023-10-24,Fantasy,2415
2023-10-25,2023-10-24,Horror,8952
2023-10-25,2023-10-24,Romance novel,3021
2023-10-25,2023-10-24,Graphic novel,1480
2023-10-26,2023-10-25,Detective,6552
2023-10-26,2023-10-25,Fantasy,1651
2023-10-26,2023-10-25,Horror,2236
2023-10-26,2023-10-25,Romance novel,1742
2023-10-26,2023-10-25,Graphic novel,10264
2023-10-27,2023-10-26,Detective,1820
2023-10-27,2023-10-26,Fantasy,2124
2023-10-27,2023-10-26,Horror,12656
2023-10-27,2023-10-26,Romance novel,8463
2023-10-27,2023-10-26,Graphic novel,29100
2023-10-28,2023-10-27,Detective,6461
2023-10-28,2023-10-27,Fantasy,6380
2023-10-28,2023-10-27,Horror,1608
2023-10-28,2023-10-27,Romance novel,402
2023-10-28,2023-10-27,Graphic novel,1310
2023-10-29,2023-10-28,Detective,2436
2023-10-29,2023-10-28,Fantasy,5928
2023-10-29,2023-10-28,Horror,1185
2023-10-29,2023-10-28,Romance novel,4386
2023-10-29,2023-10-28,Graphic novel,1793
2023-10-30,2023-10-29,Detective,774
2023-10-30,2023-10-29,Fantasy,1272
2023-10-30,2023-10-29,Horror,0
2023-10-30,2023-10-29,Romance novel,1260
2023-10-30,2023-10-29,Graphic novel,3324
2023-10-31,2023-10-30,Detective,6769
2023-10-31,2023-10-30,Fantasy,5292
2023-10-31,2023-10-30,Horror,1816
2023-10-31,2023-10-30,Romance novel,3698
2023-10-31,2023-10-30,Graphic novel,260
2023-11-01,2023-10-31,Detective,13400
2023-11-01,2023-10-31,Fantasy,16184
2023-11-01,2023-10-31,Horror,1078
2023-11-01,2023-10-31,Romance novel,1900
2023-11-01,2023-10-31,Graphic novel,7975
2023-11-02,2023-11-01,Detective,8260
2023-11-02,2023-11-01,Fantasy,7260
2023-11-02,2023-11-01,Horror,555
2023-11-02,2023-11-01,Romance novel,4172
2023-11-02,2023-11-01,Graphic novel,20800
2023-11-03,2023-11-02,Detective,526
2023-11-03,2023-11-02,Fantasy,1272
2023-11-03,2023-11-02,Horror,3480
2023-11-03,2023-11-02,Romance novel,10070
2023-11-03,2023-11-02,Graphic novel,1575
2023-11-04,2023-11-03,Detective,8850
2023-11-04,2023-11-03,Fantasy,0
2023-11-04,2023-11-03,Horror,7578
2023-11-04,2023-11-03,Romance novel,13260
2023-11-04,2023-11-03,Graphic novel,3312
2023-11-05,2023-11-04,Detective,12630
2023-11-05,2023-11-04,Fantasy,1096
2023-11-05,2023-11-04,Horror,1548
2023-11-05,2023-11-04,Romance novel,6650
2023-11-05,2023-11-04,Graphic novel,1452
2023-11-06,2023-11-05,Detective,2925
2023-11-06,2023-11-05,Fantasy,10908
2023-11-06,2023-11-05,Horror,18531
2023-11-06,2023-11-05,Romance novel,4146
2023-11-06,2023-11-05,Graphic novel,1862
2023-11-07,2023-11-06,Detective,10580
2023-11-07,2023-11-06,Fantasy,4670
2023-11-07,2023-11-06,Horror,6992
2023-11-07,2023-11-06,Romance novel,19270
2023-11-07,2023-11-06,Graphic novel,341
2023-11-08,2023-11-07,Detective,1225
2023-11-08,2023-11-07,Fantasy,1446
2023-11-08,2023-11-07,Horror,13405
2023-11-08,2023-11-07,Romance novel,1197
2023-11-08,2023-11-07,Graphic novel,0
2023-11-09,2023-11-08,Detective,19701
2023-11-09,2023-11-08,Fantasy,0
2023-11-09,2023-11-08,Horror,6904
2023-11-09,2023-11-08,Romance novel,7245
2023-11-09,2023-11-08,Graphic novel,1080
2023-11-10,2023-11-09,Detective,6237
2023-11-10,2023-11-09,Fantasy,10197
2023-11-10,2023-11-09,Horror,36420
2023-11-10,2023-11-09,Romance novel,8692
2023-11-10,2023-11-09,Graphic novel,2184
2023-11-11,2023-11-10,Detective,4846
2023-11-11,2023-11-10,Fantasy,9208
2023-11-11,2023-11-10,Horror,1915
2023-11-11,2023-11-10,Romance novel,2308
2023-11-11,2023-11-10,Graphic novel,2612
2023-11-12,2023-11-11,Detective,4900
2023-11-12,2023-11-11,Fantasy,2430
2023-11-12,2023-11-11,Horror,1758
2023-11-12,2023-11-11,Romance novel,2115
2023-11-12,2023-11-11,Graphic novel,9190
2023-11-13,2023-11-12,Detective,3190
2023-11-13,2023-11-12,Fantasy,11375
2023-11-13,2023-11-12,Horror,6244
2023-11-13,2023-11-12,Romance novel,2424
2023-11-13,2023-11-12,Graphic novel,0
2023-11-14,2023-11-13,Detective,9999
2023-11-14,2023-11-13,Fantasy,2142
2023-11-14,2023-11-13,Horror,3200
2023-11-14,2023-11-13,Romance novel,2260
2023-11-14,2023-11-13,Graphic novel,2685
2023-11-15,2023-11-14,Detective,0
2023-11-15,2023-11-14,Fantasy,9420
2023-11-15,2023-11-14,Horror,17721
2023-11-15,2023-11-14,Romance novel,10890
2023-11-15,2023-11-14,Graphic novel,8
2023-11-16,2023-11-15,Detective,1220
2023-11-16,2023-11-15,Fantasy,1176
2023-11-16,2023-11-15,Horror,8001
2023-11-16,2023-11-15,Romance novel,10280
2023-11-16,2023-11-15,Graphic novel,288
2023-11-17,2023-11-16,Detective,1477
2023-11-17,2023-11-16,Fantasy,0
2023-11-17,2023-11-16,Horror,0
2023-11-17,2023-11-16,Romance novel,144
2023-11-17,2023-11-16,Graphic novel,1395
2023-11-18,2023-11-17,Detective,7548
2023-11-18,2023-11-17,Fantasy,4190
2023-11-18,2023-11-17,Horror,3295
2023-11-18,2023-11-17,Romance novel,1020
2023-11-18,2023-11-17,Graphic novel,435
2023-11-19,2023-11-18,Detective,4613
2023-11-19,2023-11-18,Fantasy,14536
2023-11-19,2023-11-18,Horror,12160
2023-11-19,2023-11-18,Romance novel,1358
2023-11-19,2023-11-18,Graphic novel,855
2023-11-20,2023-11-19,Detective,2816
2023-11-20,2023-11-19,Fantasy,1911
2023-11-20,2023-11-19,Horror,194
2023-11-20,2023-11-19,Romance novel,2805
2023-11-20,2023-11-19,Graphic novel,1200
2023-11-21,2023-11-20,Detective,2848
2023-11-21,2023-11-20,Fantasy,26870
2023-11-21,2023-11-20,Horror,168
2023-11-21,2023-11-20,Romance novel,992
2023-11-21,2023-11-20,Graphic novel,7761
2023-11-22,2023-11-21,Detective,7089
2023-11-22,2023-11-21,Fantasy,4095
2023-11-22,2023-11-21,Horror,1240
2023-11-22,2023-11-21,Romance novel,1419
2023-11-22,2023-11-21,Graphic novel,4277
2023-11-23,2023-11-22,Detective,633
2023-11-23,2023-11-22,Fantasy,848
2023-11-23,2023-11-22,Horror,2409
2023-11-23,2023-11-22,Romance novel,0
2023-11-23,2023-11-22,Graphic novel,3393
2023-11-24,2023-11-23,Detective,19251
2023-11-24,2023-11-23,Fantasy,4806
2023-11-24,2023-11-23,Horror,0
2023-11-24,2023-11-23,Romance novel,16938
2023-11-24,2023-11-23,Graphic novel,10320
2023-11-25,2023-11-24,Detective,5615
2023-11-25,2023-11-24,Fantasy,3440
2023-11-25,2023-11-24,Horror,0
2023-11-25,2023-11-24,Romance novel,9306
2023-11-25,2023-11-24,Graphic novel,1962
2023-11-26,2023-11-25,Detective,0
2023-11-26,2023-11-25,Fantasy,8190
2023-11-26,2023-11-25,Horror,2520
2023-11-26,2023-11-25,Romance novel,4795
2023-11-26,2023-11-25,Graphic novel,2072
2023-11-27,2023-11-26,Detective,8560
2023-11-27,2023-11-26,Fantasy,457
2023-11-27,2023-11-26,Horror,576
2023-11-27,2023-11-26,Romance novel,182
2023-11-27,2023-11-26,Graphic novel,6075
2023-11-28,2023-11-27,Detective,1816
2023-11-28,2023-11-27,Fantasy,0
2023-11-28,2023-11-27,Horror,1862
2023-11-28,2023-11-27,Romance novel,4440
2023-11-28,2023-11-27,Graphic novel,4765
2023-11-29,2023-11-28,Detective,12936
2023-11-29,2023-11-28,Fantasy,0
2023-11-29,2023-11-28,Horror,464
2023-11-29,2023-11-28,Romance novel,1900
2023-11-29,2023-11-28,Graphic novel,9366
2023-11-30,2023-11-29,Detective,0
2023-11-30,2023-11-29,Fantasy,0
2023-11-30,2023-11-29,Horror,14860
2023-11-30,2023-11-29,Romance novel,7420
2023-11-30,2023-11-29,Graphic novel,598
2023-12-01,2023-11-30,Detective,35
2023-12-01,2023-11-30,Fantasy,0
2023-12-01,2023-11-30,Horror,2315
2023-12-01,2023-11-30,Romance novel,1982
2023-12-01,2023-11-30,Graphic novel,13275
2023-12-02,2023-12-01,Detective,1784
2023-12-02,2023-12-01,Fantasy,5589
2023-12-02,2023-12-01,Horror,1320
2023-12-02,2023-12-01,Romance novel,6352
2023-12-02,2023-12-01,Graphic novel,10465
2023-12-03,2023-12-02,Detective,4976
2023-12-03,2023-12-02,Fantasy,15872
2023-12-03,2023-12-02,Horror,3495
2023-12-03,2023-12-02,Romance novel,10416
2023-12-03,2023-12-02,Graphic novel,764
2023-12-04,2023-12-03,Detective,1191
2023-12-04,2023-12-03,Fantasy,15030
2023-12-04,2023-12-03,Horror,940
2023-12-04,2023-12-03,Romance novel,5172
2023-12-04,2023-12-03,Graphic novel,7440
2023-12-05,2023-12-04,Detective,1023
2023-12-05,2023-12-04,Fantasy,0
2023-12-05,2023-12-04,Horror,1376
2023-12-05,2023-12-04,Romance novel,6216
2023-12-05,2023-12-04,Graphic novel,5930
2023-12-06,2023-12-05,Detective,7110
2023-12-06,2023-12-05,Fantasy,560
2023-12-06,2023-12-05,Horror,3782
2023-12-06,2023-12-05,Romance novel,1686
2023-12-06,2023-12-05,Graphic novel,1760
2023-12-07,2023-12-06,Detective,0
2023-12-07,2023-12-06,Fantasy,3472
2023-12-07,2023-12-06,Horror,1722
2023-12-07,2023-12-06,Romance novel,1046
2023-12-07,2023-12-06,Graphic novel,8775
2023-12-08,2023-12-07,Detective,0
2023-12-08,2023-12-07,Fantasy,0
2023-12-08,2023-12-07,Horror,3640
2023-12-08,2023-12-07,Romance novel,6630
2023-12-08,2023-12-07,Graphic novel,4458
2023-12-09,2023-12-08,Detective,6235
2023-12-09,2023-12-08,Fantasy,177
2023-12-09,2023-12-08,Horror,126
2023-12-09,2023-12-08,Romance novel,14706
2023-12-09,2023-12-08,Graphic novel,720
2023-12-10,2023-12-09,Detective,6210
2023-12-10,2023-12-09,Fantasy,12845
2023-12-10,2023-12-09,Horror,2896
2023-12-10,2023-12-09,Romance novel,0
2023-12-10,2023-12-09,Graphic novel,3880
2023-12-11,2023-12-10,Detective,14454
2023-12-11,2023-12-10,Fantasy,12552
2023-12-11,2023-12-10,Horror,5526
2023-12-11,2023-12-10,Romance novel,11304
2023-12-11,2023-12-10,Graphic novel,7290
2023-12-12,2023-12-11,Detective,8596
2023-12-12,2023-12-11,Fantasy,430
2023-12-12,2023-12-11,Horror,1665
2023-12-12,2023-12-11,Romance novel,2876
2023-12-12,2023-12-11,Graphic novel,525
2023-12-13,2023-12-12,Detective,2026
2023-12-13,2023-12-12,Fantasy,8005
2023-12-13,2023-12-12,Horror,8928
2023-12-13,2023-12-12,Romance novel,3306
2023-12-13,2023-12-12,Graphic novel,2863
2023-12-14,2023-12-13,Detective,1974
2023-12-14,2023-12-13,Fantasy,0
2023-12-14,2023-12-13,Horror,4908
2023-12-14,2023-12-13,Romance novel,6912
2023-12-14,2023-12-13,Graphic novel,12360
2023-12-15,2023-12-14,Detective,4830
2023-12-15,2023-12-14,Fantasy,19656
2023-12-15,2023-12-14,Horror,4077
2023-12-15,2023-12-14,Romance novel,7692
2023-12-15,2023-12-14,Graphic novel,7025
2023-12-16,2023-12-15,Detective,5
2023-12-16,2023-12-15,Fantasy,1915
2023-12-16,2023-12-15,Horror,10108
2023-12-16,2023-12-15,Romance novel,9864
2023-12-16,2023-12-15,Graphic novel,4122
